seq,E_seq,mic1,mic2,naive_mic1,naive_mic2,col2_binding,col9_binding,y,y_std
REGATDDNRDKGTNKER,KGTNKER,4.0,4.0,6.0,6.0,0.0,23.782,2.0,0.0
REGATDDNRDKATNKER,KATNKER,4.5,4.5,6.0,6.0,0.2090000000000031,26.467,1.5,0.0
REGATDDNRDKATNKEM,KATNKEM,3.0,2.75,5.0,5.5,5.460000000000001,19.973,2.375,0.125
REGATDDNRDKATNKKM,KATNKKM,3.5,4.0,6.0,6.0,7.074000000000005,19.125,2.25,0.25
REGATDDNRDKATNYKM,KATNYKM,5.5,6.0,6.0,5.75,6.628,19.592,0.125,0.25
REGATDDNRDKATSYKM,KATSYKM,4.0,5.0,5.5,5.0,5.145000000000003,14.488999999999995,0.75,0.5
REGATDDNRDKATSYKV,KATSYKV,6.0,6.0,6.0,6.0,5.300000000000004,17.28,0.0,0.0
REGATDDNRDKASSYKV,KASSYKV,6.0,5.5,6.0,6.0,8.160000000000004,13.896,0.25,0.25
REGATDDNRDNASSYKV,NASSYKV,6.0,6.0,6.0,6.0,12.273000000000003,14.808999999999996,0.0,0.0
REGATDDNRDNPSSYKV,NPSSYKV,6.0,6.0,6.0,6.0,18.770000000000003,11.361000000000004,0.0,0.0
REGATEDNRDKGTNKER,KGTNKER,4.0,4.0,6.0,6.0,0.0020000000000024,17.506999999999998,2.0,0.0
REGATEDNRDKATNKER,KATNKER,4.5,5.0,6.0,6.0,0.2070000000000007,19.029000000000003,1.25,0.25
REGATEDNRDKATNKEM,KATNKEM,3.0,3.0,5.0,5.5,6.092000000000006,20.753,2.25,0.0
REGATEDNRDKATNKKM,KATNKKM,3.5,4.0,6.0,6.0,6.573,19.613,2.25,0.25
REGATEDNRDKATNYKM,KATNYKM,5.25,5.5,6.0,5.75,5.879000000000005,19.349000000000004,0.5,0.125
REGATEDNRDKATSYKM,KATSYKM,4.0,4.5,5.5,5.0,4.679000000000002,16.203000000000003,1.0,0.25
REGATEDNRDKATSYKV,KATSYKV,6.0,6.0,6.0,6.0,5.777000000000001,16.387999999999998,0.0,0.0
REGATEDNRDKASSYKV,KASSYKV,6.0,5.5,6.0,6.0,7.035000000000004,14.337000000000003,0.25,0.25
REGATEDNRDNASSYKV,NASSYKV,6.0,6.0,6.0,6.0,10.712000000000003,13.512999999999998,0.0,0.0
REGATEDNRDNPSSYKV,NPSSYKV,6.0,5.5,6.0,6.0,18.830000000000005,12.024,0.25,0.25
REGASEDNRDKGTNKER,KGTNKER,4.0,4.0,6.0,6.0,-0.0119999999999933,27.171,2.0,0.0
REGASEDNRDKATNKER,KATNKER,4.0,4.5,6.0,6.0,0.2000000000000028,22.957,1.75,0.25
REGASEDNRDKATNKEM,KATNKEM,3.0,3.0,5.0,5.5,5.717000000000006,21.081,2.25,0.0
REGASEDNRDKATNKKM,KATNKKM,4.5,4.25,6.0,6.0,4.339000000000006,23.75,1.625,0.125
REGASEDNRDKATNYKM,KATNYKM,5.0,5.0,6.0,5.75,7.649000000000001,19.033,0.875,0.0
REGASEDNRDKATSYKM,KATSYKM,4.0,4.5,5.5,5.0,4.087000000000003,16.948,1.0,0.25
REGASEDNRDKATSYKV,KATSYKV,6.0,5.5,6.0,6.0,6.135000000000005,17.398000000000003,0.25,0.25
REGASEDNRDKASSYKV,KASSYKV,6.0,5.5,6.0,6.0,7.023000000000003,15.392000000000005,0.25,0.25
REGASEDNRDNASSYKV,NASSYKV,6.0,5.75,6.0,6.0,10.447000000000005,14.670000000000002,0.125,0.125
REGASEDNRDNPSSYKV,NPSSYKV,6.0,6.0,6.0,6.0,18.302000000000007,13.003,0.0,0.0
RDGASEDNRDKGTNKER,KGTNKER,4.0,4.0,6.0,6.0,0.0080000000000026,19.362,2.0,0.0
RDGASEDNRDKATNKER,KATNKER,4.0,4.5,6.0,6.0,0.2150000000000034,18.219,1.75,0.25
RDGASEDNRDKATNKEM,KATNKEM,3.75,4.25,5.0,5.5,1.4150000000000065,21.3,1.25,0.25
RDGASEDNRDKATNKKM,KATNKKM,5.0,5.0,6.0,6.0,6.287000000000006,23.635,1.0,0.0
RDGASEDNRDKATNYKM,KATNYKM,5.5,6.0,6.0,5.75,2.757000000000005,19.04,0.125,0.25
RDGASEDNRDKATSYKM,KATSYKM,5.0,4.5,5.5,5.0,5.635000000000005,17.86,0.5,0.25
RDGASEDNRDKATSYKV,KATSYKV,6.0,5.75,6.0,6.0,5.276000000000003,16.445,0.125,0.125
RDGASEDNRDKASSYKV,KASSYKV,6.0,5.5,6.0,6.0,7.259,14.36,0.25,0.25
RDGASEDNRDNASSYKV,NASSYKV,6.0,6.0,6.0,6.0,11.411,12.945,0.0,0.0
RDGASEDNRDNPSSYKV,NPSSYKV,6.0,6.0,6.0,6.0,16.731,11.777,0.0,0.0
RDGASEDVRDKGTNKER,KGTNKER,4.25,4.5,6.0,6.0,1.4650000000000034,21.902,1.625,0.125
RDGASEDVRDKATNKER,KATNKER,4.5,4.5,6.0,6.0,0.169000000000004,20.347,1.5,0.0
RDGASEDVRDKATNKEM,KATNKEM,2.0,0.5,5.0,5.5,-3.2169999999999987,19.954,4.0,0.75
RDGASEDVRDKATNKKM,KATNKKM,3.0,3.0,6.0,6.0,-0.4629999999999938,18.891,3.0,0.0
RDGASEDVRDKATNYKM,KATNYKM,4.0,4.5,6.0,5.75,2.555000000000007,16.019,1.625,0.25
RDGASEDVRDKATSYKM,KATSYKM,3.5,3.0,5.5,5.0,4.510000000000005,13.521,2.0,0.25
RDGASEDVRDKATSYKV,KATSYKV,5.5,5.0,6.0,6.0,2.6330000000000027,12.75,0.75,0.25
RDGASEDVRDKASSYKV,KASSYKV,5.5,5.0,6.0,6.0,5.257000000000005,12.058999999999996,0.75,0.25
RDGASEDVRDNASSYKV,NASSYKV,5.75,5.25,6.0,6.0,9.425000000000004,11.901000000000003,0.5,0.25
RDGASEDVRDNPSSYKV,NPSSYKV,5.5,5.5,6.0,6.0,15.592000000000006,10.591,0.5,0.0
NDGASEDVRDKGTNKER,KGTNKER,4.25,4.5,6.0,6.0,1.2460000000000022,19.802,1.625,0.125
NDGASEDVRDKATNKER,KATNKER,4.0,4.5,6.0,6.0,1.3740000000000023,19.781,1.75,0.25
NDGASEDVRDKATNKEM,KATNKEM,1.5,1.0,5.0,5.5,-2.9809999999999945,19.982,4.0,0.25
NDGASEDVRDKATNKKM,KATNKKM,2.5,2.5,6.0,6.0,-1.8759999999999977,21.562,3.5,0.0
NDGASEDVRDKATNYKM,KATNYKM,4.0,4.0,6.0,5.75,0.480000000000004,16.736000000000004,1.875,0.0
NDGASEDVRDKATSYKM,KATSYKM,3.0,2.5,5.5,5.0,4.528000000000006,13.287,2.5,0.25
NDGASEDVRDKATSYKV,KATSYKV,5.75,5.0,6.0,6.0,3.287000000000006,12.590000000000003,0.625,0.375
NDGASEDVRDKASSYKV,KASSYKV,5.5,5.0,6.0,6.0,4.965000000000003,12.113,0.75,0.25
NDGASEDVRDNASSYKV,NASSYKV,6.0,5.0,6.0,6.0,9.491000000000009,12.143,0.5,0.5
NDGASEDVRDNPSSYKV,NPSSYKV,5.5,5.0,6.0,6.0,16.657000000000004,10.832,0.75,0.25
NDGASELVRDKGTNKER,KGTNKER,6.0,6.0,6.0,6.0,1.939,21.852,0.0,0.0
NDGASELVRDKATNKER,KATNKER,6.0,6.0,6.0,6.0,1.6870000000000047,22.971,0.0,0.0
NDGASELVRDKATNKEM,KATNKEM,0.75,0.0,5.0,5.5,-1.972999999999999,16.578000000000003,4.875,0.375
NDGASELVRDKATNKKM,KATNKKM,2.0,0.0,6.0,6.0,-2.2819999999999965,16.906,5.0,1.0
NDGASELVRDKATNYKM,KATNYKM,0.0,0.0,6.0,5.75,-3.840999999999994,12.976,5.875,0.0
NDGASELVRDKATSYKM,KATSYKM,0.0,0.0,5.5,5.0,-0.5529999999999973,9.878999999999998,5.25,0.0
NDGASELVRDKATSYKV,KATSYKV,0.5,0.0,6.0,6.0,1.2240000000000038,6.913000000000004,5.75,0.25
NDGASELVRDKASSYKV,KASSYKV,0.5,0.0,6.0,6.0,2.8230000000000004,5.2890000000000015,5.75,0.25
NDGASELVRDNASSYKV,NASSYKV,0.0,0.0,6.0,6.0,8.108000000000004,6.975999999999999,6.0,0.0
NDGASELVRDNPSSYKV,NPSSYKV,0.5,0.0,6.0,6.0,14.799000000000008,5.527000000000001,5.75,0.25
NDTASELVRDKGTNKER,KGTNKER,6.0,6.0,6.0,6.0,1.9790000000000063,21.007,0.0,0.0
NDTASELVRDKATNKER,KATNKER,6.0,6.0,6.0,6.0,2.0820000000000007,20.501,0.0,0.0
NDTASELVRDKATNKEM,KATNKEM,0.0,0.0,5.0,5.5,-3.715999999999994,18.788000000000004,5.25,0.0
NDTASELVRDKATNKKM,KATNKKM,1.0,0.5,6.0,6.0,-2.043,16.293,5.25,0.25
NDTASELVRDKATNYKM,KATNYKM,0.0,0.0,6.0,5.75,-0.7729999999999961,10.156,5.875,0.0
NDTASELVRDKATSYKM,KATSYKM,0.0,0.0,5.5,5.0,-0.0059999999999931,8.218000000000004,5.25,0.0
NDTASELVRDKATSYKV,KATSYKV,0.0,0.0,6.0,6.0,-1.8649999999999949,5.005000000000003,6.0,0.0
NDTASELVRDKASSYKV,KASSYKV,0.0,0.0,6.0,6.0,1.7310000000000016,5.799,6.0,0.0
NDTASELVRDNASSYKV,NASSYKV,0.0,0.0,6.0,6.0,6.169000000000004,2.736000000000004,6.0,0.0
NDTASELVRDNPSSYKV,NPSSYKV,0.0,0.0,6.0,6.0,13.507000000000003,3.5450000000000017,6.0,0.0
NDTASELVTDKGTNKER,KGTNKER,6.0,6.0,6.0,6.0,4.185000000000002,21.848,0.0,0.0
NDTASELVTDKATNKER,KATNKER,6.0,6.0,6.0,6.0,3.581000000000003,21.826,0.0,0.0
NDTASELVTDKATNKEM,KATNKEM,1.0,0.5,5.0,5.5,-0.2509999999999976,18.307,4.5,0.25
NDTASELVTDKATNKKM,KATNKKM,0.0,0.0,6.0,6.0,-4.994,16.456000000000003,6.0,0.0
NDTASELVTDKATNYKM,KATNYKM,0.0,0.0,6.0,5.75,-5.320999999999998,7.384999999999998,5.875,0.0
NDTASELVTDKATSYKM,KATSYKM,0.0,0.0,5.5,5.0,-3.927,5.295000000000002,5.25,0.0
NDTASELVTDKATSYKV,KATSYKV,0.0,0.0,6.0,6.0,-2.708999999999996,4.302,6.0,0.0
NDTASELVTDKASSYKV,KASSYKV,0.0,0.0,6.0,6.0,2.861000000000004,2.368000000000002,6.0,0.0
NDTASELVTDNASSYKV,NASSYKV,0.0,0.0,6.0,6.0,6.213000000000001,1.4699999999999989,6.0,0.0
NDTASELVTDNPSSYKV,NPSSYKV,0.0,0.0,6.0,6.0,12.327000000000004,0.1540000000000034,6.0,0.0
NDTSSELVTDKGTNKER,KGTNKER,6.0,6.0,6.0,6.0,5.531000000000006,21.798,0.0,0.0
NDTSSELVTDKATNKER,KATNKER,6.0,6.0,6.0,6.0,4.645000000000003,21.857,0.0,0.0
NDTSSELVTDKATNKEM,KATNKEM,1.0,0.5,5.0,5.5,0.091000000000001,17.405,4.5,0.25
NDTSSELVTDKATNKKM,KATNKKM,0.0,0.0,6.0,6.0,-5.007999999999996,16.362000000000002,6.0,0.0
NDTSSELVTDKATNYKM,KATNYKM,0.0,0.0,6.0,5.75,-5.153999999999996,10.525,5.875,0.0
NDTSSELVTDKATSYKM,KATSYKM,0.0,0.0,5.5,5.0,-3.494,4.172000000000004,5.25,0.0
NDTSSELVTDKATSYKV,KATSYKV,0.0,0.0,6.0,6.0,1.4950000000000043,4.213000000000001,6.0,0.0
NDTSSELVTDKASSYKV,KASSYKV,0.0,0.0,6.0,6.0,-0.0879999999999938,2.3729999999999976,6.0,0.0
NDTSSELVTDNASSYKV,NASSYKV,0.0,0.0,6.0,6.0,5.541000000000004,1.5919999999999987,6.0,0.0
NDTSSELVTDNPSSYKV,NPSSYKV,0.0,0.0,6.0,6.0,11.638000000000003,0.0039999999999977,6.0,0.0
NDTSSELVTEKGTNKER,KGTNKER,6.0,6.0,6.0,6.0,4.866000000000007,22.021,0.0,0.0
NDTSSELVTEKATNKER,KATNKER,6.0,6.0,6.0,6.0,4.5560000000000045,22.745,0.0,0.0
NDTSSELVTEKATNKEM,KATNKEM,0.5,0.5,5.0,5.5,0.7180000000000035,18.959000000000003,4.75,0.0
NDTSSELVTEKATNKKM,KATNKKM,0.0,0.0,6.0,6.0,-4.643999999999998,16.33,6.0,0.0
NDTSSELVTEKATNYKM,KATNYKM,0.0,0.0,6.0,5.75,-5.5789999999999935,7.794000000000004,5.875,0.0
NDTSSELVTEKATSYKM,KATSYKM,0.0,0.0,5.5,5.0,-2.755999999999993,4.194000000000003,5.25,0.0
NDTSSELVTEKATSYKV,KATSYKV,0.0,0.0,6.0,6.0,-1.033999999999999,4.328000000000003,6.0,0.0
NDTSSELVTEKASSYKV,KASSYKV,0.0,0.0,6.0,6.0,1.4070000000000036,2.256,6.0,0.0
NDTSSELVTENASSYKV,NASSYKV,0.0,0.0,6.0,6.0,7.525000000000006,1.5489999999999997,6.0,0.0
NDTSSELVTENPSSYKV,NPSSYKV,0.0,0.0,6.0,6.0,13.385000000000003,0.0,6.0,0.0
